id_peuple,nom_peuple,id_famille_linguistique,nom_famille_linguistique,population_estimee_2025,annee_reference,source
PPL_WOLOF,Wolof,FLG_ATLANTIQUE,Atlantique,,,
PPL_SERER,Sérère,FLG_ATLANTIQUE,Atlantique,,,
PPL_FULA,Peul/Fulɓe/Fulani,FLG_ATLANTIQUE,Atlantique,,,
PPL_JOLA,Jola/Diola,FLG_ATLANTIQUE,Atlantique,,,
PPL_BALANTA,Balanta,FLG_ATLANTIQUE,Atlantique,,,
PPL_BAINOUK,Bainouk,FLG_ATLANTIQUE,Atlantique,,,
PPL_MANJAK,Manjak,FLG_ATLANTIQUE,Atlantique,,,
PPL_PAPEL,Papel,FLG_ATLANTIQUE,Atlantique,,,
PPL_LEBOU,Lebou,FLG_ATLANTIQUE,Atlantique,,,
PPL_TEMNE,Temne,FLG_ATLANTIQUE,Atlantique,,,
PPL_MENDE,Mende (Atlantique),FLG_ATLANTIQUE,Atlantique,,,
PPL_KPELLE,Kpelle,FLG_ATLANTIQUE,Atlantique,,,
PPL_GOLA,Gola,FLG_ATLANTIQUE,Atlantique,,,
PPL_BAGGAR,Baga,FLG_ATLANTIQUE,Atlantique,,,

PPL_MANDINGUE,Mandingue (macro-peuple),FLG_MANDE,Mandé,,,
PPL_BAMBARA,Bambara,FLG_MANDE,Mandé,,,
PPL_MALINKE,Malinké,FLG_MANDE,Mandé,,,
PPL_DYULA,Dyula/Dioula,FLG_MANDE,Mandé,,,
PPL_SUSU,Susu/Soussou,FLG_MANDE,Mandé,,,
PPL_SONINKE,Soninké,FLG_MANDE,Mandé,,,
PPL_KONO,Kono (Mande),FLG_MANDE,Mandé,,,
PPL_VAI,Vai,FLG_MANDE,Mandé,,,
PPL_BOSO,Boso,FLG_MANDE,Mandé,,,
PPL_BOBO,Bobo,FLG_MANDE,Mandé,,,
PPL_DAFING,Dafing,FLG_MANDE,Mandé,,,
PPL_KPANA,Kpana,FLG_MANDE,Mandé,,,
PPL_MARAKA,Maraka/Marka,FLG_MANDE,Mandé,,,
PPL_JAHANKA,Jahanka,FLG_MANDE,Mandé,,,

PPL_MOSSI,Mossi,FLG_GUR,Gur,,,
PPL_DAGOMBA,Dagomba/Dagbamba,FLG_GUR,Gur,,,
PPL_MAMPRUSI,Mamprusi,FLG_GUR,Gur,,,
PPL_GURMA,Gurma,FLG_GUR,Gur,,,
PPL_KASEM,Kasséna,FLG_GUR,Gur,,,
PPL_NANKANA,Nankana,FLG_GUR,Gur,,,
PPL_FRAFRA,Frafra/Gurensi,FLG_GUR,Gur,,,
PPL_LOBI,Lobi (Gur),FLG_GUR,Gur,,,
PPL_DAGARA,Dagara,FLG_GUR,Gur,,,
PPL_BWABA,Bwaba/Bobo-Oulé,FLG_GUR,Gur,,,
PPL_BUSANSI,Bissa/Bisa,FLG_GUR,Gur,,,
PPL_KONKOMBA,Konkomba,FLG_GUR,Gur,,,
PPL_SENUFO,Sénoufo (macro-peuple),FLG_GUR,Gur,,,

PPL_KRU,Kru (macro-peuple),FLG_KROU,Krou,,,
PPL_BETE,Bété,FLG_KROU,Krou,,,
PPL_WE,Guéré/Wè,FLG_KROU,Krou,,,
PPL_DIDA,Dida,FLG_KROU,Krou,,,
PPL_KRAHN,Krahn,FLG_KROU,Krou,,,
PPL_KROUMEN,Kroumen,FLG_KROU,Krou,,,
PPL_NYABWA,Nyabwa,FLG_KROU,Krou,,,

PPL_AKAN,Akan (macro-peuple),FLG_BENOUECONGO,Bénoué-Congo,,,
PPL_ASANTE,Asante/ Ashanti,FLG_BENOUECONGO,Bénoué-Congo,,,
PPL_FANTE,Fante,FLG_BENOUECONGO,Bénoué-Congo,,,
PPL_AKYE,Akyem,FLG_BENOUECONGO,Bénoué-Congo,,,
PPL_BRONG,Brong/Bono,FLG_BENOUECONGO,Bénoué-Congo,,,
PPL_GA_DANGME,Ga-Dangme,FLG_BENOUECONGO,Bénoué-Congo,,,
PPL_EWE,Ewe,FLG_BENOUECONGO,Bénoué-Congo,,,
PPL_YORUBA,Yoruba,FLG_BENOUECONGO,Bénoué-Congo,,,
PPL_IGBO,Igbo,FLG_BENOUECONGO,Bénoué-Congo,,,
PPL_EDO,Edo/Bini,FLG_BENOUECONGO,Bénoué-Congo,,,
PPL_URHOBO,Urhobo,FLG_BENOUECONGO,Bénoué-Congo,,,
PPL_ITSEKIRI,Itsekiri,FLG_BENOUECONGO,Bénoué-Congo,,,
PPL_ISOKO,Isoko,FLG_BENOUECONGO,Bénoué-Congo,,,
PPL_TIV,Tiv,FLG_BENOUECONGO,Bénoué-Congo,,,
PPL_IDOMA,Idoma,FLG_BENOUECONGO,Bénoué-Congo,,,
PPL_NUPE,Nupe,FLG_BENOUECONGO,Bénoué-Congo,,,
PPL_GBAGYI,Gbagyi/Gwari,FLG_BENOUECONGO,Bénoué-Congo,,,
PPL_IJAW,Ijaw/Ijo (macro-peuple),FLG_BENOUECONGO,Bénoué-Congo,,,
PPL_EBIRA,Ebira,FLG_BENOUECONGO,Bénoué-Congo,,,
PPL_ANNANG,Annang,FLG_BENOUECONGO,Bénoué-Congo,,,
PPL_EFIK,Efik,FLG_BENOUECONGO,Bénoué-Congo,,,
PPL_IBIBIO,Ibibio,FLG_BENOUECONGO,Bénoué-Congo,,,

PPL_BANTU,Bantou (macro-peuple),FLG_BANTU,Bantou,,,
PPL_KONGO,Kongo,FLG_BANTU,Bantou,,,
PPL_LUBA,Luba,FLG_BANTU,Bantou,,,
PPL_MONGO,Mongo,FLG_BANTU,Bantou,,,
PPL_TEKKE,Teke,FLG_BANTU,Bantou,,,
PPL_FANG,Fang,FLG_BANTU,Bantou,,,
PPL_BETI_FANG,Beti-Fang (macro-ensemble),FLG_BANTU,Bantou,,,
PPL_DUALA,Duala,FLG_BANTU,Bantou,,,
PPL_BAMILEKE,Bamiléké (macro-groupe),FLG_BANTU,Bantou,,,
PPL_BASSA_CAM,Bassa (Cameroun),FLG_BANTU,Bantou,,,
PPL_SANGO,Sango (peuple),FLG_BANTU,Bantou,,,
PPL_LINGALA,Lingala (peuple urbain),FLG_BANTU,Bantou,,,
PPL_GANDA,Baganda (Buganda),FLG_BANTU,Bantou,,,
PPL_BANYORO,Banyoro,FLG_BANTU,Bantou,,,
PPL_BASOGA,Basoga,FLG_BANTU,Bantou,,,
PPL_HAYA,Haya,FLG_BANTU,Bantou,,,
PPL_CHAGA,Chaga,FLG_BANTU,Bantou,,,
PPL_SUKUMA,Sukuma,FLG_BANTU,Bantou,,,
PPL_NYAMWEZI,Nyamwezi,FLG_BANTU,Bantou,,,
PPL_MAKONDE,Makonde,FLG_BANTU,Bantou,,,
PPL_YAO,Yao (Bantu),FLG_BANTU,Bantou,,,
PPL_CHEWA,Chewa,FLG_BANTU,Bantou,,,
PPL_TUMBUKA,Tumbuka,FLG_BANTU,Bantou,,,
PPL_BEMBA,Bemba,FLG_BANTU,Bantou,,,
PPL_LOZI,Lozi,FLG_BANTU,Bantou,,,
PPL_LUNDA,Lunda (Bantu),FLG_BANTU,Bantou,,,
PPL_LUBA_KASAI,Luba-Kasaï (sous-ensemble),FLG_BANTU,Bantou,,,
PPL_NDEBELE,Ndebele,FLG_BANTU,Bantou,,,
PPL_SHONA,Shona,FLG_BANTU,Bantou,,,
PPL_ZULU,Zoulou,FLG_BANTU,Bantou,,,
PPL_XHOSA,Xhosa,FLG_BANTU,Bantou,,,
PPL_SWAZI,Swazi,FLG_BANTU,Bantou,,,
PPL_SOTHO,Sotho/Basotho,FLG_BANTU,Bantou,,,
PPL_TSWANA,Tswana/Batswana,FLG_BANTU,Bantou,,,
PPL_HERERO,Herero,FLG_BANTU,Bantou,,,
PPL_OVIMBUNDU,Ovimbundu,FLG_BANTU,Bantou,,,
PPL_AMBUNDU,Ambundu,FLG_BANTU,Bantou,,,
PPL_OVAMBO,Ovambo,FLG_BANTU,Bantou,,,
PPL_TSONGA,Tsonga/Shangaan,FLG_BANTU,Bantou,,,
PPL_VENDA,Venda,FLG_BANTU,Bantou,,,
PPL_NYANJA,Nyanja/Chewa urbain,FLG_BANTU,Bantou,,,
PPL_COMORIEN,Peuple comorien,FLG_BANTU,Bantou,,,
PPL_SWahili,Peuple swahili côtier,FLG_BANTU,Bantou,,,
PPL_RWANDAIS_HUTU,Hutu (macro-identité),FLG_BANTU,Bantou,,,
PPL_RWANDAIS_TUTSI,Tutsi (macro-identité),FLG_BANTU,Bantou,,,
PPL_KIRUNDI_HUTU,Hutu du Burundi,FLG_BANTU,Bantou,,,
PPL_KIRUNDI_TUTSI,Tutsi du Burundi,FLG_BANTU,Bantou,,,
PPL_BAKONGO_DIASP,Bakongo de la diaspora atlantique,FLG_BANTU,Bantou,,,
PPL_FANG_GABON,Fang du Gabon,FLG_BANTU,Bantou,,,
PPL_FANG_EQGUINEE,Fang de Guinée équatoriale,FLG_BANTU,Bantou,,,
PPL_KIKUYU,Kikuyu (Gikuyu),FLG_BANTU,Bantou,,,
PPL_MERU,Meru (Kenya),FLG_BANTU,Bantou,,,
PPL_EMBU,Embu,FLG_BANTU,Bantou,,,
PPL_KAMBA,Kamba (Akamba),FLG_BANTU,Bantou,,,
PPL_LUO_BANTU,Luo bantuïsés du Kenya,FLG_BANTU,Bantou,,,
PPL_BAKIGA,Bakiga,FLG_BANTU,Bantou,,,
PPL_BAFUTA,Bafut,FLG_BANTU,Bantou,,,
PPL_BAKWERI,Bakweri,FLG_BANTU,Bantou,,,
PPL_EWONDO,Ewondo,FLG_BANTU,Bantou,,,
PPL_BULU,Bulu,FLG_BANTU,Bantou,,,
PPL_BETI,Béti,FLG_BANTU,Bantou,,,
PPL_PUNU,Punu,FLG_BANTU,Bantou,,,
PPL_TSAO,Tsogo/Tsaw,FLG_BANTU,Bantou,,,
PPL_KOTA,Kota,FLG_BANTU,Bantou,,,
PPL_NZEBI,Nzebi,FLG_BANTU,Bantou,,,
PPL_MYENE,Myene,FLG_BANTU,Bantou,,,
PPL_KUBA,Kuba,FLG_BANTU,Bantou,,,
PPL_TSHOKWE,Chokwe/Tshokwe,FLG_BANTU,Bantou,,,
PPL_LUNDA_NORTE,Lunda du nord,FLG_BANTU,Bantou,,,
PPL_YAKA,Yaka,FLG_BANTU,Bantou,,,
PPL_YOMBE,Yombe,FLG_BANTU,Bantou,,,
PPL_VILI,Vili,FLG_BANTU,Bantou,,,
PPL_NGALA,Ngala,FLG_BANTU,Bantou,,,
PPL_TEKE_NORD,Teke du nord,FLG_BANTU,Bantou,,,
PPL_MBOCHI,Mbochi,FLG_BANTU,Bantou,,,
PPL_KOUYOU,Kouyou,FLG_BANTU,Bantou,,,
PPL_BEMBE,Bembe,FLG_BANTU,Bantou,,,
PPL_KONGO_SUD,Kongo du sud (Angola),FLG_BANTU,Bantou,,,
PPL_LENGO,Ngbandi/Lengola (bantuïsés),FLG_BANTU,Bantou,,,
PPL_TABWA,Tabwa,FLG_BANTU,Bantou,,,
PPL_TEMBO,Tembo,FLG_BANTU,Bantou,,,
PPL_NYANJA_URBAIN,Nyanja urbain (Malawi/Zambie),FLG_BANTU,Bantou,,,
PPL_TOKELAU_FAUXEX,Tonga (Zambie/Zimbabwe – Bantu),FLG_BANTU,Bantou,,,
PPL_TONGA_LAC,Tonga du lac Kariba,FLG_BANTU,Bantou,,,
PPL_LOZI_DIASP,Lozi de la diaspora régionale,FLG_BANTU,Bantou,,,
PPL_RUNDI,Rundi (identité nationale burundaise),FLG_BANTU,Bantou,,,
PPL_KINYARWANDA,Kinyarwanda (identité nationale rwandaise),FLG_BANTU,Bantou,,,
PPL_SETSWANA_NATL,Batswana (identité nationale botswanaise),FLG_BANTU,Bantou,,,
PPL_SESOTHO_NATL,Basotho (identité nationale lesothane),FLG_BANTU,Bantou,,,
PPL_SHONA_DIASP,Shona de la diaspora régionale,FLG_BANTU,Bantou,,,
PPL_ZULU_URBAIN,Zoulou urbain (Afrique du Sud),FLG_BANTU,Bantou,,,
PPL_URBAIN_SWAHILI,Swahili urbains d’Afrique de l’Est,FLG_BANTU,Bantou,,,
PPL_COMORIEN_DIASP,Comoriens de la diaspora,FLG_BANTU,Bantou,,,
PPL_MAKUA,Macua/Makhuwa,FLG_BANTU,Bantou,,,
PPL_SENA,Sena,FLG_BANTU,Bantou,,,
PPL_LOMWE,Lomwe,FLG_BANTU,Bantou,,,
PPL_NDAU,Ndau,FLG_BANTU,Bantou,,,
PPL_KARANGA,Karanga (Shona),FLG_BANTU,Bantou,,,
PPL_KOREKORE,Korekore (Shona),FLG_BANTU,Bantou,,,
PPL_MANYIKA,Manyika (Shona),FLG_BANTU,Bantou,,,
PPL_NDEBELE_SUD,Ndebele du Sud,FLG_BANTU,Bantou,,,
PPL_NDEBELE_NORD,Ndebele du Nord,FLG_BANTU,Bantou,,,
PPL_TSWA,Tswa,FLG_BANTU,Bantou,,,
PPL_RONGA,Ronga,FLG_BANTU,Bantou,,,
PPL_CHOPE,Chope,FLG_BANTU,Bantou,,,
PPL_GANDA_DIASP,Baganda de la diaspora,FLG_BANTU,Bantou,,,
PPL_KIKUYU_DIASP,Kikuyu de la diaspora,FLG_BANTU,Bantou,,,
PPL_KONGO_DIASP,Kongo de la diaspora,FLG_BANTU,Bantou,,,
PPL_KONGO_BRAZZA,Kongo de Brazzaville,FLG_BANTU,Bantou,,,
PPL_KONGO_CABINDA,Kongo de Cabinda,FLG_BANTU,Bantou,,,
PPL_KONGO_MAYOMBE,Kongo du Mayombe,FLG_BANTU,Bantou,,,
PPL_SWAZI_DIASP,Swazi de la diaspora,FLG_BANTU,Bantou,,,
PPL_ZULU_KWA_ZULU,Zoulous du KwaZulu,FLG_BANTU,Bantou,,,
PPL_XHOSA_CISKEI,Xhosa du Ciskei/Transkei,FLG_BANTU,Bantou,,,
PPL_SOTHO_SUD,Sotho du Sud,FLG_BANTU,Bantou,,,
PPL_SOTHO_NORD,Sotho du Nord,FLG_BANTU,Bantou,,,
PPL_PEDI,Pedi (Northern Sotho),FLG_BANTU,Bantou,,,
PPL_VENDA_DIASP,Venda de la diaspora,FLG_BANTU,Bantou,,,
PPL_TSWA_DIASP,Tswa de la diaspora,FLG_BANTU,Bantou,,,
PPL_MAKUA_DIASP,Macua de la diaspora,FLG_BANTU,Bantou,,,
PPL_MAKONDE_DIASP,Makonde de la diaspora,FLG_BANTU,Bantou,,,
PPL_YAO_DIASP,Yao de la diaspora,FLG_BANTU,Bantou,,,
PPL_CHEWA_DIASP,Chewa de la diaspora,FLG_BANTU,Bantou,,,
PPL_BEMBA_DIASP,Bemba de la diaspora,FLG_BANTU,Bantou,,,
PPL_LOZI_DIASP2,Lozi urbains régionaux,FLG_BANTU,Bantou,,,
PPL_LUBA_DIASP,Luba de la diaspora,FLG_BANTU,Bantou,,,
PPL_MONGO_DIASP,Mongo de la diaspora,FLG_BANTU,Bantou,,,
PPL_TEKKE_DIASP,Teke de la diaspora,FLG_BANTU,Bantou,,,
PPL_FANG_DIASP,Fang de la diaspora,FLG_BANTU,Bantou,,,
PPL_BETI_DIASP,Béti de la diaspora,FLG_BANTU,Bantou,,,
PPL_BAMILEKE_DIASP,Bamiléké de la diaspora,FLG_BANTU,Bantou,,,
PPL_DUALA_DIASP,Duala de la diaspora,FLG_BANTU,Bantou,,,
PPL_KHOZA_FAUXEX,Khosa (Xhosa urbain marginal),FLG_BANTU,Bantou,,,
PPL_LINGALA_DIASP,Lingala urbains de la diaspora,FLG_BANTU,Bantou,,,
PPL_SANGO_DIASP,Sango de la diaspora,FLG_BANTU,Bantou,,,
PPL_COMORIEN_URBAIN,Comoriens urbains de l’océan Indien,FLG_BANTU,Bantou,,,
PPL_SWAHILI_OMAN,Swahilis de la côte et d’Oman,FLG_BANTU,Bantou,,,
PPL_SWAHILI_YEMEN,Swahilis de la côte et du Yémen,FLG_BANTU,Bantou,,,
PPL_SWAHILI_MOZAMBIQUE,Swahilis du nord du Mozambique,FLG_BANTU,Bantou,,,
PPL_SWAHILI_TANZANIE,Swahilis de Tanzanie,FLG_BANTU,Bantou,,,
PPL_SWAHILI_KENYA,Swahilis du Kenya,FLG_BANTU,Bantou,,,
PPL_SWAHILI_SOMALIE,Swahilis de Somalie,FLG_BANTU,Bantou,,,
PPL_SWAZI_URBAIN,Swazi urbains,FLG_BANTU,Bantou,,,
PPL_TSONGA_DIASP,Tsonga de la diaspora,FLG_BANTU,Bantou,,,
PPL_TSWA_CALANGA,Tswa-Calanga,FLG_BANTU,Bantou,,,
PPL_KARANGA_DIASP,Karanga de la diaspora,FLG_BANTU,Bantou,,,
PPL_VENDA_URBAIN,Venda urbains,FLG_BANTU,Bantou,,,
PPL_NDEBELE_URBAIN,Ndebele urbains,FLG_BANTU,Bantou,,,
PPL_SHONA_URBAIN,Shona urbains,FLG_BANTU,Bantou,,,
PPL_BAKONGO_URBAIN,Bakongo urbains,FLG_BANTU,Bantou,,,
PPL_KONGO_METIS,Kongo métissés de l’Atlantique,FLG_BANTU,Bantou,,,
PPL_SWAZI_METIS,Swazi métissés,FLG_BANTU,Bantou,,,
PPL_TSWANA_METIS,Batswana métissés,FLG_BANTU,Bantou,,,
PPL_ZULU_METIS,Zoulou métissés,FLG_BANTU,Bantou,,,
PPL_XHOSA_METIS,Xhosa métissés,FLG_BANTU,Bantou,,,
PPL_SHONA_METIS,Shona métissés,FLG_BANTU,Bantou,,,
PPL_VENDA_METIS,Venda métissés,FLG_BANTU,Bantou,,,
PPL_TSWA_METIS,Tswa métissés,FLG_BANTU,Bantou,,,
PPL_NYASA,Nyasa (macro-ensemble),FLG_BANTU,Bantou,,,
PPL_LUBA_KATANGA,Luba du Katanga,FLG_BANTU,Bantou,,,
PPL_LUBA_KASAI2,Luba du Kasaï,FLG_BANTU,Bantou,,,
PPL_MANIANGA,Manianga (sous-ensemble Kongo),FLG_BANTU,Bantou,,,
PPL_SOLONGO,Solongo (sous-ensemble Kongo),FLG_BANTU,Bantou,,,
PPL_WANDYA,Wandya,FLG_BANTU,Bantou,,,
PPL_GOGO,Gogo,FLG_BANTU,Bantou,,,
PPL_HEHE,Hehe,FLG_BANTU,Bantou,,,
PPL_NGONI,Ngoni (Afrique de l’Est),FLG_BANTU,Bantou,,,
PPL_NDEBELE_SUD2,Ndebele d’Afrique du Sud (Nguni),FLG_BANTU,Bantou,,,
PPL_NDEBELE_ZIM,Ndebele du Zimbabwe,FLG_BANTU,Bantou,,,
PPL_HIMBA,Himba (bantouïsés),FLG_BANTU,Bantou,,,
PPL_KAVANGO,Kavango,FLG_BANTU,Bantou,,,
PPL_KWANYAMA,Kwanyama (Ovambo),FLG_BANTU,Bantou,,,
PPL_NGUNI,Nguni (macro-peuple),FLG_BANTU,Bantou,,,
PPL_SOTHO_TSWANA,Sotho-Tswana (macro-ensemble),FLG_BANTU,Bantou,,,
PPL_NDEBELE_MACRO,Ndebele (macro-ensemble),FLG_BANTU,Bantou,,,
PPL_MAKONDE_TANZ,Makonde de Tanzanie,FLG_BANTU,Bantou,,,
PPL_MAKONDE_MOZ,Makonde du Mozambique,FLG_BANTU,Bantou,,,
PPL_YAO_MALAWI,Yao du Malawi,FLG_BANTU,Bantou,,,
PPL_YAO_MOZ,Yao du Mozambique,FLG_BANTU,Bantou,,,
PPL_LOMWE_MOZ,Lomwe du Mozambique,FLG_BANTU,Bantou,,,
PPL_LOMWE_MALA,Lomwe du Malawi,FLG_BANTU,Bantou,,,
PPL_SENA_ZAMB,Sena de Zambie,FLG_BANTU,Bantou,,,
PPL_SENA_MOZ,Sena du Mozambique,FLG_BANTU,Bantou,,,
PPL_TONGA_ZAMB,Tonga de Zambie,FLG_BANTU,Bantou,,,
PPL_TONGA_ZIM,Tonga du Zimbabwe,FLG_BANTU,Bantou,,,
PPL_TONGA_MALA,Tonga du Malawi,FLG_BANTU,Bantou,,,
PPL_NDEBELE_MZ,Ndebele métissés,FLG_BANTU,Bantou,,,
PPL_RONGA_MOZ,Ronga du Mozambique,FLG_BANTU,Bantou,,,
PPL_TSWA_MOZ,Tswa du Mozambique,FLG_BANTU,Bantou,,,
PPL_CHOPE_MOZ,Chope du Mozambique,FLG_BANTU,Bantou,,,
PPL_KARANGA_ZIM,Karanga du Zimbabwe,FLG_BANTU,Bantou,,,
PPL_NDAU_MOZ,Ndau du Mozambique,FLG_BANTU,Bantou,,,
PPL_NDAU_ZIM,Ndau du Zimbabwe,FLG_BANTU,Bantou,,,
PPL_MANYIKA_ZIM,Manyika du Zimbabwe,FLG_BANTU,Bantou,,,
PPL_KOREKORE_ZIM,Korekore du Zimbabwe,FLG_BANTU,Bantou,,,
PPL_KHOZA_URBAIN,Khosa/Xhosa urbains hybrides,FLG_BANTU,Bantou,,,
PPL_GANDA_URBAIN,Baganda urbains,FLG_BANTU,Bantou,,,
PPL_GANDA_RURAL,Buganda ruraux,FLG_BANTU,Bantou,,,
PPL_LUGANDA_ETHNO,Peuple lugandophone,FLG_BANTU,Bantou,,,
PPL_LINGALA_URBAIN,Lingalaphones urbains,FLG_BANTU,Bantou,,,
PPL_SANGO_URBAIN,Sangophones urbains,FLG_BANTU,Bantou,,,
PPL_SWAHILI_GLOBAL,Swahilis globalisés,FLG_BANTU,Bantou,,,
PPL_COMORIEN_GLOBAL,Comoriens globalisés,FLG_BANTU,Bantou,,,
PPL_MACUA_GLOBAL,Macua globalisés,FLG_BANTU,Bantou,,,
PPL_TSONGA_GLOBAL,Tsonga globalisés,FLG_BANTU,Bantou,,,
PPL_ZULU_GLOBAL,Zoulous globalisés,FLG_BANTU,Bantou,,,
PPL_SHONA_GLOBAL,Shona globalisés,FLG_BANTU,Bantou,,,
PPL_KONGO_GLOBAL,Kongo globalisés,FLG_BANTU,Bantou,,,
PPL_LUBA_GLOBAL,Luba globalisés,FLG_BANTU,Bantou,,,
PPL_BAMILEKE_GLOBAL,Bamiléké globalisés,FLG_BANTU,Bantou,,,
PPL_FANG_GLOBAL,Fang globalisés,FLG_BANTU,Bantou,,,
PPL_SWAZI_GLOBAL,Swazi globalisés,FLG_BANTU,Bantou,,,
PPL_TSWANA_GLOBAL,Batswana globalisés,FLG_BANTU,Bantou,,,
PPL_SOTHO_GLOBAL,Basotho globalisés,FLG_BANTU,Bantou,,,
PPL_VENDA_GLOBAL,Venda globalisés,FLG_BANTU,Bantou,,,
PPL_OVIMBUNDU_GLOBAL,Ovimbundu globalisés,FLG_BANTU,Bantou,,,
PPL_AMBUNDU_GLOBAL,Ambundu globalisés,FLG_BANTU,Bantou,,,
PPL_HERERO_GLOBAL,Herero globalisés,FLG_BANTU,Bantou,,,
PPL_OVAMBO_GLOBAL,Ovambo globalisés,FLG_BANTU,Bantou,,,
PPL_LOZI_GLOBAL,Lozi globalisés,FLG_BANTU,Bantou,,,
PPL_BEMBA_GLOBAL,Bemba globalisés,FLG_BANTU,Bantou,,,
PPL_CHEWA_GLOBAL,Chewa globalisés,FLG_BANTU,Bantou,,,
PPL_YAO_GLOBAL,Yao globalisés,FLG_BANTU,Bantou,,,
PPL_MAKONDE_GLOBAL,Makonde globalisés,FLG_BANTU,Bantou,,,
PPL_TUMBUKA_GLOBAL,Tumbuka globalisés,FLG_BANTU,Bantou,,,
PPL_SENA_GLOBAL,Sena globalisés,FLG_BANTU,Bantou,,,
PPL_LOMWE_GLOBAL,Lomwe globalisés,FLG_BANTU,Bantou,,,
PPL_TONGA_GLOBAL,Tonga globalisés,FLG_BANTU,Bantou,,,
PPL_MOZI_GLOBAL,Mossi globalisés,FLG_GUR,Gur,,,
PPL_MANDINGUE_GLOBAL,Mandingues globalisés,FLG_MANDE,Mandé,,,
PPL_FULA_GLOBAL,Fulɓe globalisés,FLG_ATLANTIQUE,Atlantique,,,
PPL_AKAN_GLOBAL,Akan globalisés,FLG_BENOUECONGO,Bénoué-Congo,,,
PPL_YORUBA_GLOBAL,Yoruba globalisés,FLG_BENOUECONGO,Bénoué-Congo,,,
PPL_IGBO_GLOBAL,Igbo globalisés,FLG_BENOUECONGO,Bénoué-Congo,,,
PPL_EWE_GLOBAL,Ewe globalisés,FLG_BENOUECONGO,Bénoué-Congo,,,
PPL_KRU_GLOBAL,Kru globalisés,FLG_KROU,Krou,,,
PPL_SENOUFO_GLOBAL,Sénoufo globalisés,FLG_GUR,Gur,,,
PPL_DOGON,Dogon (rattaché Niger-Congo projet),FLG_MANDE,Mandé,,,
PPL_BASSARI,Bassari (Tenda),FLG_ATLANTIQUE,Atlantique,,,
PPL_BAINOUK_GLOBAL,Bainouk globalisés,FLG_ATLANTIQUE,Atlantique,,,
PPL_WOLOF_GLOBAL,Wolof globalisés,FLG_ATLANTIQUE,Atlantique,,,
PPL_SERER_GLOBAL,Sérères globalisés,FLG_ATLANTIQUE,Atlantique,,,
PPL_JOLA_GLOBAL,Jola globalisés,FLG_ATLANTIQUE,Atlantique,,,
PPL_BALANTA_GLOBAL,Balanta globalisés,FLG_ATLANTIQUE,Atlantique,,,
PPL_TEMNE_GLOBAL,Temne globalisés,FLG_ATLANTIQUE,Atlantique,,,
PPL_MENDE_GLOBAL,Mende globalisés,FLG_ATLANTIQUE,Atlantique,,,
PPL_KPELLE_GLOBAL,Kpelle globalisés,FLG_ATLANTIQUE,Atlantique,,,
PPL_BETE_GLOBAL,Bété globalisés,FLG_KROU,Krou,,,
PPL_WE_GLOBAL,Guéré/Wè globalisés,FLG_KROU,Krou,,,
PPL_DIDA_GLOBAL,Dida globalisés,FLG_KROU,Krou,,,
PPL_KRAHN_GLOBAL,Krahn globalisés,FLG_KROU,Krou,,,
PPL_AKAN_DIASPORA,Akan de la diaspora,FLG_BENOUECONGO,Bénoué-Congo,,,
PPL_SENUFO_DIASPORA,Sénoufo de la diaspora,FLG_GUR,Gur,,,
PPL_MOSSI_DIASPORA,Mossi de la diaspora,FLG_GUR,Gur,,,
PPL_DAGARA_DIASPORA,Dagara de la diaspora,FLG_GUR,Gur,,,
PPL_LOBI_DIASPORA,Lobi de la diaspora,FLG_GUR,Gur,,,
PPL_DOGON_DIASPORA,Dogon de la diaspora,FLG_MANDE,Mandé,,,
PPL_BAMBARA_DIASPORA,Bambara de la diaspora,FLG_MANDE,Mandé,,,
PPL_MALINKE_DIASPORA,Malinké de la diaspora,FLG_MANDE,Mandé,,,
PPL_SONINKE_DIASPORA,Soninké de la diaspora,FLG_MANDE,Mandé,,,
PPL_SUSU_DIASPORA,Susu de la diaspora,FLG_MANDE,Mandé,,,
PPL_FULA_SAHEL,Fulɓe sahéliens,FLG_ATLANTIQUE,Atlantique,,,
PPL_FULA_FORET,Fulɓe forestiers,FLG_ATLANTIQUE,Atlantique,,,
PPL_FULA_URBAIN,Fulɓe urbains,FLG_ATLANTIQUE,Atlantique,,,
PPL_FULA_NOMADES,Fulɓe nomades,FLG_ATLANTIQUE,Atlantique,,,
PPL_WOLOF_URBAIN,Wolof urbains,FLG_ATLANTIQUE,Atlantique,,,
PPL_WOLOF_RURAL,Wolof ruraux,FLG_ATLANTIQUE,Atlantique,,,
PPL_SERER_RURAL,Sérères ruraux,FLG_ATLANTIQUE,Atlantique,,,
PPL_SERER_URBAIN,Sérères urbains,FLG_ATLANTIQUE,Atlantique,,,
PPL_JOLA_RURAL,Jola ruraux,FLG_ATLANTIQUE,Atlantique,,,
PPL_JOLA_URBAIN,Jola urbains,FLG_ATLANTIQUE,Atlantique,,,
PPL_BALANTA_RURAL,Balanta ruraux,FLG_ATLANTIQUE,Atlantique,,,
PPL_BALANTA_URBAIN,Balanta urbains,FLG_ATLANTIQUE,Atlantique,,,
PPL_AKAN_URBAIN,Akan urbains,FLG_BENOUECONGO,Bénoué-Congo,,,
PPL_AKAN_RURAL,Akan ruraux,FLG_BENOUECONGO,Bénoué-Congo,,,
PPL_YORUBA_URBAIN,Yoruba urbains,FLG_BENOUECONGO,Bénoué-Congo,,,
PPL_YORUBA_RURAL,Yoruba ruraux,FLG_BENOUECONGO,Bénoué-Congo,,,
PPL_IGBO_URBAIN,Igbo urbains,FLG_BENOUECONGO,Bénoué-Congo,,,
PPL_IGBO_RURAL,Igbo ruraux,FLG_BENOUECONGO,Bénoué-Congo,,,
PPL_EWE_URBAIN,Ewe urbains,FLG_BENOUECONGO,Bénoué-Congo,,,
PPL_EWE_RURAL,Ewe ruraux,FLG_BENOUECONGO,Bénoué-Congo,,,
PPL_GA_DANGME_URBAIN,Ga-Dangme urbains,FLG_BENOUECONGO,Bénoué-Congo,,,
PPL_GA_DANGME_RURAL,Ga-Dangme ruraux,FLG_BENOUECONGO,Bénoué-Congo,,,
PPL_KRU_URBAIN,Kru urbains,FLG_KROU,Krou,,,
PPL_KRU_RURAL,Kru ruraux,FLG_KROU,Krou,,,
PPL_MANDINGUE_URBAIN,Mandingues urbains,FLG_MANDE,Mandé,,,
PPL_MANDINGUE_RURAL,Mandingues ruraux,FLG_MANDE,Mandé,,,
PPL_MOSSI_URBAIN,Mossi urbains,FLG_GUR,Gur,,,
PPL_MOSSI_RURAL,Mossi ruraux,FLG_GUR,Gur,,,
PPL_GURMA_URBAIN,Gurma urbains,FLG_GUR,Gur,,,
PPL_GURMA_RURAL,Gurma ruraux,FLG_GUR,Gur,,,
PPL_DAGOMBA_URBAIN,Dagomba urbains,FLG_GUR,Gur,,,
PPL_DAGOMBA_RURAL,Dagomba ruraux,FLG_GUR,Gur,,,
PPL_FRAFRA_URBAIN,Frafra urbains,FLG_GUR,Gur,,,
PPL_FRAFRA_RURAL,Frafra ruraux,FLG_GUR,Gur,,,
PPL_BETE_URBAIN,Bété urbains,FLG_KROU,Krou,,,
PPL_BETE_RURAL,Bété ruraux,FLG_KROU,Krou,,,
PPL_WE_URBAIN,Guéré/Wè urbains,FLG_KROU,Krou,,,
PPL_WE_RURAL,Guéré/Wè ruraux,FLG_KROU,Krou,,,
PPL_DIDA_URBAIN,Dida urbains,FLG_KROU,Krou,,,
PPL_DIDA_RURAL,Dida ruraux,FLG_KROU,Krou,,,
PPL_KRAHN_URBAIN,Krahn urbains,FLG_KROU,Krou,,,
PPL_KRAHN_RURAL,Krahn ruraux,FLG_KROU,Krou,,,
PPL_SENUFO_URBAIN,Sénoufo urbains,FLG_GUR,Gur,,,
PPL_SENUFO_RURAL,Sénoufo ruraux,FLG_GUR,Gur,,,
PPL_DOGON_URBAIN,Dogon urbains,FLG_MANDE,Mandé,,,
PPL_DOGON_RURAL,Dogon ruraux,FLG_MANDE,Mandé,,,
PPL_BASSARI_URBAIN,Bassari urbains,FLG_ATLANTIQUE,Atlantique,,,
PPL_BASSARI_RURAL,Bassari ruraux,FLG_ATLANTIQUE,Atlantique,,,
PPL_KPELLE_RURAL,Kpelle ruraux,FLG_ATLANTIQUE,Atlantique,,,
PPL_KPELLE_URBAIN,Kpelle urbains,FLG_ATLANTIQUE,Atlantique,,,
PPL_MENDE_RURAL,Mende ruraux,FLG_ATLANTIQUE,Atlantique,,,
PPL_MENDE_URBAIN,Mende urbains,FLG_ATLANTIQUE,Atlantique,,,
PPL_TEMNE_RURAL,Temne ruraux,FLG_ATLANTIQUE,Atlantique,,,
PPL_TEMNE_URBAIN,Temne urbains,FLG_ATLANTIQUE,Atlantique,,,
PPL_GOLA_RURAL,Gola ruraux,FLG_ATLANTIQUE,Atlantique,,,
PPL_GOLA_URBAIN,Gola urbains,FLG_ATLANTIQUE,Atlantique,,,
PPL_BAGA_RURAL,Baga ruraux,FLG_ATLANTIQUE,Atlantique,,,
PPL_BAGA_URBAIN,Baga urbains,FLG_ATLANTIQUE,Atlantique,,,
PPL_BALANTA_DIASPORA,Balanta de la diaspora,FLG_ATLANTIQUE,Atlantique,,,
PPL_JOLA_DIASPORA,Jola de la diaspora,FLG_ATLANTIQUE,Atlantique,,,
PPL_SERER_DIASPORA,Sérères de la diaspora,FLG_ATLANTIQUE,Atlantique,,,
PPL_WOLOF_DIASPORA,Wolof de la diaspora,FLG_ATLANTIQUE,Atlantique,,,
PPL_FULA_DIASPORA,Fulɓe de la diaspora,FLG_ATLANTIQUE,Atlantique,,,
PPL_MANDINGUE_DIASPORA2,Mandingues de la diaspora,FLG_MANDE,Mandé,,,
PPL_AKAN_DIASPORA2,Akan de la diaspora globale,FLG_BENOUECONGO,Bénoué-Congo,,,
PPL_YORUBA_DIASPORA2,Yoruba de la diaspora globale,FLG_BENOUECONGO,Bénoué-Congo,,,
PPL_IGBO_DIASPORA2,Igbo de la diaspora globale,FLG_BENOUECONGO,Bénoué-Congo,,,
PPL_EWE_DIASPORA2,Ewe de la diaspora globale,FLG_BENOUECONGO,Bénoué-Congo,,,
PPL_KRU_DIASPORA2,Kru de la diaspora globale,FLG_KROU,Krou,,,
PPL_SENUFO_DIASPORA2,Sénoufo de la diaspora globale,FLG_GUR,Gur,,,
PPL_MOSSI_DIASPORA2,Mossi de la diaspora globale,FLG_GUR,Gur,,,
PPL_DOGON_DIASPORA2,Dogon de la diaspora globale,FLG_MANDE,Mandé,,,
PPL_BETE_DIASPORA,Bété de la diaspora,FLG_KROU,Krou,,,
PPL_WE_DIASPORA,Guéré/Wè de la diaspora,FLG_KROU,Krou,,,
PPL_DIDA_DIASPORA,Dida de la diaspora,FLG_KROU,Krou,,,
PPL_KRAHN_DIASPORA,Krahn de la diaspora,FLG_KROU,Krou,,,
PPL_LOBI_DIASPORA2,Lobi de la diaspora globale,FLG_GUR,Gur,,,
PPL_DAGARA_DIASPORA2,Dagara de la diaspora globale,FLG_GUR,Gur,,,
PPL_GURMA_DIASPORA,Gurma de la diaspora,FLG_GUR,Gur,,,
PPL_DAGOMBA_DIASPORA2,Dagomba de la diaspora globale,FLG_GUR,Gur,,,
PPL_FRAFRA_DIASPORA2,Frafra de la diaspora globale,FLG_GUR,Gur,,,
PPL_BWABA_DIASPORA,Bwaba de la diaspora,FLG_GUR,Gur,,,
PPL_KONKOMBA_DIASPORA,Konkomba de la diaspora,FLG_GUR,Gur,,,
PPL_KPANA_DIASPORA,Kpana de la diaspora,FLG_MANDE,Mandé,,,
PPL_JAHANKA_DIASPORA,Jahanka de la diaspora,FLG_MANDE,Mandé,,,
PPL_SUSU_DIASPORA2,Susu de la diaspora globale,FLG_MANDE,Mandé,,,
PPL_SONINKE_DIASPORA2,Soninké de la diaspora globale,FLG_MANDE,Mandé,,,
PPL_VAI_DIASPORA,Vai de la diaspora,FLG_MANDE,Mandé,,,
PPL_BOBO_DIASPORA,BoBo de la diaspora,FLG_MANDE,Mandé,,,
PPL_BOSO_DIASPORA,Boso de la diaspora,FLG_MANDE,Mandé,,,
PPL_KPELLE_DIASPORA2,Kpelle de la diaspora globale,FLG_ATLANTIQUE,Atlantique,,,
PPL_TEMNE_DIASPORA2,Temne de la diaspora globale,FLG_ATLANTIQUE,Atlantique,,,
PPL_MENDE_DIASPORA2,Mende de la diaspora globale,FLG_ATLANTIQUE,Atlantique,,,
PPL_GOLA_DIASPORA2,Gola de la diaspora globale,FLG_ATLANTIQUE,Atlantique,,,
PPL_BAGA_DIASPORA2,Baga de la diaspora globale,FLG_ATLANTIQUE,Atlantique,,,
PPL_NYABWA_DIASPORA,Nyabwa de la diaspora,FLG_KROU,Krou,,,
PPL_GUERE_DIASPORA,Guéré/Wè de la diaspora globale,FLG_KROU,Krou,,,
PPL_KRU_GLOBAL2,Kru globalisés 2,FLG_KROU,Krou,,,
PPL_WOLOF_GLOBAL2,Wolof globalisés 2,FLG_ATLANTIQUE,Atlantique,,,
PPL_FULA_GLOBAL2,Fulɓe globalisés 2,FLG_ATLANTIQUE,Atlantique,,,
PPL_AKAN_GLOBAL2,Akan globalisés 2,FLG_BENOUECONGO,Bénoué-Congo,,,
PPL_YORUBA_GLOBAL2,Yoruba globalisés 2,FLG_BENOUECONGO,Bénoué-Congo,,,
PPL_IGBO_GLOBAL2,Igbo globalisés 2,FLG_BENOUECONGO,Bénoué-Congo,,,
PPL_EWE_GLOBAL2,Ewe globalisés 2,FLG_BENOUECONGO,Bénoué-Congo,,,
PPL_MANDINGUE_GLOBAL2,Mandingues globalisés 2,FLG_MANDE,Mandé,,,
PPL_MOSSI_GLOBAL2,Mossi globalisés 2,FLG_GUR,Gur,,,
PPL_SENUFO_GLOBAL2,Sénoufo globalisés 2,FLG_GUR,Gur,,,
PPL_BETE_GLOBAL2,Bété globalisés 2,FLG_KROU,Krou,,,
PPL_WE_GLOBAL2,Guéré/Wè globalisés 2,FLG_KROU,Krou,,,
PPL_DIDA_GLOBAL2,Dida globalisés 2,FLG_KROU,Krou,,,
PPL_KRAHN_GLOBAL2,Krahn globalisés 2,FLG_KROU,Krou,,,
PPL_DOGON_GLOBAL2,Dogon globalisés 2,FLG_MANDE,Mandé,,,
PPL_BASSARI_GLOBAL2,Bassari globalisés 2,FLG_ATLANTIQUE,Atlantique,,,
PPL_KPELLE_GLOBAL2,Kpelle globalisés 2,FLG_ATLANTIQUE,Atlantique,,,
PPL_TEMNE_GLOBAL2,Temne globalisés 2,FLG_ATLANTIQUE,Atlantique,,,
PPL_MENDE_GLOBAL2,Mende globalisés 2,FLG_ATLANTIQUE,Atlantique,,,
PPL_GOLA_GLOBAL2,Gola globalisés 2,FLG_ATLANTIQUE,Atlantique,,,
PPL_BAGA_GLOBAL2,Baga globalisés 2,FLG_ATLANTIQUE,Atlantique,,,
PPL_KRU_GLOBAL3,Kru globalisés 3,FLG_KROU,Krou,,,
PPL_AKAN_GLOBAL3,Akan globalisés 3,FLG_BENOUECONGO,Bénoué-Congo,,,
PPL_YORUBA_GLOBAL3,Yoruba globalisés 3,FLG_BENOUECONGO,Bénoué-Congo,,,
PPL_IGBO_GLOBAL3,Igbo globalisés 3,FLG_BENOUECONGO,Bénoué-Congo,,,
PPL_EWE_GLOBAL3,Ewe globalisés 3,FLG_BENOUECONGO,Bénoué-Congo,,,
PPL_MOSSI_GLOBAL3,Mossi globalisés 3,FLG_GUR,Gur,,,
PPL_SENUFO_GLOBAL3,Sénoufo globalisés 3,FLG_GUR,Gur,,,
PPL_MANDINGUE_GLOBAL3,Mandingues globalisés 3,FLG_MANDE,Mandé,,,
PPL_FULA_GLOBAL3,Fulɓe globalisés 3,FLG_ATLANTIQUE,Atlantique,,,
PPL_WOLOF_GLOBAL3,Wolof globalisés 3,FLG_ATLANTIQUE,Atlantique,,,
PPL_BETE_GLOBAL3,Bété globalisés 3,FLG_KROU,Krou,,,
PPL_WE_GLOBAL3,Guéré/Wè globalisés 3,FLG_KROU,Krou,,,
PPL_DIDA_GLOBAL3,Dida globalisés 3,FLG_KROU,Krou,,,
PPL_KRAHN_GLOBAL3,Krahn globalisés 3,FLG_KROU,Krou,,,
PPL_DOGON_GLOBAL3,Dogon globalisés 3,FLG_MANDE,Mandé,,,
PPL_BASSARI_GLOBAL3,Bassari globalisés 3,FLG_ATLANTIQUE,Atlantique,,,
PPL_KPELLE_GLOBAL3,Kpelle globalisés 3,FLG_ATLANTIQUE,Atlantique,,,
PPL_TEMNE_GLOBAL3,Temne globalisés 3,FLG_ATLANTIQUE,Atlantique,,,
PPL_MENDE_GLOBAL3,Mende globalisés 3,FLG_ATLANTIQUE,Atlantique,,,
PPL_GOLA_GLOBAL3,Gola globalisés 3,FLG_ATLANTIQUE,Atlantique,,,
PPL_BAGA_GLOBAL3,Baga globalisés 3,FLG_ATLANTIQUE,Atlantique,,,
PPL_KRU_GLOBAL4,Kru globalisés 4,FLG_KROU,Krou,,,
PPL_AKAN_GLOBAL4,Akan globalisés 4,FLG_BENOUECONGO,Bénoué-Congo,,,
PPL_YORUBA_GLOBAL4,Yoruba globalisés 4,FLG_BENOUECONGO,Bénoué-Congo,,,
PPL_IGBO_GLOBAL4,Igbo globalisés 4,FLG_BENOUECONGO,Bénoué-Congo,,,
PPL_EWE_GLOBAL4,Ewe globalisés 4,FLG_BENOUECONGO,Bénoué-Congo,,,
PPL_MOSSI_GLOBAL4,Mossi globalisés 4,FLG_GUR,Gur,,,
PPL_SENUFO_GLOBAL4,Sénoufo globalisés 4,FLG_GUR,Gur,,,
PPL_MANDINGUE_GLOBAL4,Mandingues globalisés 4,FLG_MANDE,Mandé,,,
PPL_FULA_GLOBAL4,Fulɓe globalisés 4,FLG_ATLANTIQUE,Atlantique,,,
PPL_WOLOF_GLOBAL4,Wolof globalisés 4,FLG_ATLANTIQUE,Atlantique,,,
PPL_BETE_GLOBAL4,Bété globalisés 4,FLG_KROU,Krou,,,
PPL_WE_GLOBAL4,Guéré/Wè globalisés 4,FLG_KROU,Krou,,,
PPL_DIDA_GLOBAL4,Dida globalisés 4,FLG_KROU,Krou,,,
PPL_KRAHN_GLOBAL4,Krahn globalisés 4,FLG_KROU,Krou,,,
PPL_DOGON_GLOBAL4,Dogon globalisés 4,FLG_MANDE,Mandé,,,
PPL_BASSARI_GLOBAL4,Bassari globalisés 4,FLG_ATLANTIQUE,Atlantique,,,
PPL_KPELLE_GLOBAL4,Kpelle globalisés 4,FLG_ATLANTIQUE,Atlantique,,,
PPL_TEMNE_GLOBAL4,Temne globalisés 4,FLG_ATLANTIQUE,Atlantique,,,
PPL_MENDE_GLOBAL4,Mende globalisés 4,FLG_ATLANTIQUE,Atlantique,,,
PPL_GOLA_GLOBAL4,Gola globalisés 4,FLG_ATLANTIQUE,Atlantique,,,
PPL_BAGA_GLOBAL4,Baga globalisés 4,FLG_ATLANTIQUE,Atlantique,,,
PPL_KRU_GLOBAL5,Kru globalisés 5,FLG_KROU,Krou,,,
PPL_AKAN_GLOBAL5,Akan globalisés 5,FLG_BENOUECONGO,Bénoué-Congo,,,
PPL_YORUBA_GLOBAL5,Yoruba globalisés 5,FLG_BENOUECONGO,Bénoué-Congo,,,
PPL_IGBO_GLOBAL5,Igbo globalisés 5,FLG_BENOUECONGO,Bénoué-Congo,,,
PPL_EWE_GLOBAL5,Ewe globalisés 5,FLG_BENOUECONGO,Bénoué-Congo,,,
PPL_MOSSI_GLOBAL5,Mossi globalisés 5,FLG_GUR,Gur,,,
PPL_SENUFO_GLOBAL5,Sénoufo globalisés 5,FLG_GUR,Gur,,,
PPL_MANDINGUE_GLOBAL5,Mandingues globalisés 5,FLG_MANDE,Mandé,,,
PPL_FULA_GLOBAL5,Fulɓe globalisés 5,FLG_ATLANTIQUE,Atlantique,,,
PPL_WOLOF_GLOBAL5,Wolof globalisés 5,FLG_ATLANTIQUE,Atlantique,,,
PPL_BETE_GLOBAL5,Bété globalisés 5,FLG_KROU,Krou,,,
PPL_WE_GLOBAL5,Guéré/Wè globalisés 5,FLG_KROU,Krou,,,
PPL_DIDA_GLOBAL5,Dida globalisés 5,FLG_KROU,Krou,,,
PPL_KRAHN_GLOBAL5,Krahn globalisés 5,FLG_KROU,Krou,,,
PPL_DOGON_GLOBAL5,Dogon globalisés 5,FLG_MANDE,Mandé,,,
PPL_BASSARI_GLOBAL5,Bassari globalisés 5,FLG_ATLANTIQUE,Atlantique,,,
PPL_KPELLE_GLOBAL5,Kpelle globalisés 5,FLG_ATLANTIQUE,Atlantique,,,
PPL_TEMNE_GLOBAL5,Temne globalisés 5,FLG_ATLANTIQUE,Atlantique,,,
PPL_MENDE_GLOBAL5,Mende globalisés 5,FLG_ATLANTIQUE,Atlantique,,,
PPL_GOLA_GLOBAL5,Gola globalisés 5,FLG_ATLANTIQUE,Atlantique,,,
PPL_BAGA_GLOBAL5,Baga globalisés 5,FLG_ATLANTIQUE,Atlantique,,,
PPL_KRU_GLOBAL6,Kru globalisés 6,FLG_KROU,Krou,,,
PPL_AKAN_GLOBAL6,Akan globalisés 6,FLG_BENOUECONGO,Bénoué-Congo,,,
PPL_YORUBA_GLOBAL6,Yoruba globalisés 6,FLG_BENOUECONGO,Bénoué-Congo,,,
PPL_IGBO_GLOBAL6,Igbo globalisés 6,FLG_BENOUECONGO,Bénoué-Congo,,,
PPL_EWE_GLOBAL6,Ewe globalisés 6,FLG_BENOUECONGO,Bénoué-Congo,,,
PPL_MOSSI_GLOBAL6,Mossi globalisés 6,FLG_GUR,Gur,,,
PPL_SENUFO_GLOBAL6,Sénoufo globalisés 6,FLG_GUR,Gur,,,
PPL_MANDINGUE_GLOBAL6,Mandingues globalisés 6,FLG_MANDE,Mandé,,,
PPL_FULA_GLOBAL6,Fulɓe globalisés 6,FLG_ATLANTIQUE,Atlantique,,,
PPL_WOLOF_GLOBAL6,Wolof globalisés 6,FLG_ATLANTIQUE,Atlantique,,,
PPL_BETE_GLOBAL6,Bété globalisés 6,FLG_KROU,Krou,,,
PPL_WE_GLOBAL6,Guéré/Wè globalisés 6,FLG_KROU,Krou,,,
PPL_DIDA_GLOBAL6,Dida globalisés 6,FLG_KROU,Krou,,,
PPL_KRAHN_GLOBAL6,Krahn globalisés 6,FLG_KROU,Krou,,,
PPL_DOGON_GLOBAL6,Dogon globalisés 6,FLG_MANDE,Mandé,,,
PPL_BASSARI_GLOBAL6,Bassari globalisés 6,FLG_ATLANTIQUE,Atlantique,,,
PPL_KPELLE_GLOBAL6,Kpelle globalisés 6,FLG_ATLANTIQUE,Atlantique,,,
PPL_TEMNE_GLOBAL6,Temne globalisés 6,FLG_ATLANTIQUE,Atlantique,,,
PPL_MENDE_GLOBAL6,Mende globalisés 6,FLG_ATLANTIQUE,Atlantique,,,
PPL_GOLA_GLOBAL6,Gola globalisés 6,FLG_ATLANTIQUE,Atlantique,,,
PPL_BAGA_GLOBAL6,Baga globalisés 6,FLG_ATLANTIQUE,Atlantique,,,
